,precision,recall,f1-score,support
DCM,1.0,0.25,0.4,4.0
HCM,0.375,0.75,0.5,4.0
MINF,0.25,0.25,0.25,4.0
NOR,1.0,0.75,0.8571428571428571,4.0
RV,1.0,1.0,1.0,4.0
accuracy,0.6,0.6,0.6,0.6
macro avg,0.725,0.6,0.6014285714285714,20.0
weighted avg,0.725,0.6,0.6014285714285714,20.0
