,precision,recall,f1-score,support
DCM,1.0,0.75,0.8571428571428571,4.0
HCM,1.0,1.0,1.0,4.0
MINF,0.75,0.75,0.75,4.0
NOR,0.75,0.75,0.75,4.0
RV,0.8,1.0,0.8888888888888888,4.0
accuracy,0.85,0.85,0.85,0.85
macro avg,0.86,0.85,0.8492063492063492,20.0
weighted avg,0.86,0.85,0.8492063492063492,20.0
