,precision,recall,f1-score,support
DCM,1.0,0.75,0.8571428571428571,4.0
HCM,1.0,0.75,0.8571428571428571,4.0
MINF,0.6,0.75,0.6666666666666666,4.0
NOR,0.6666666666666666,0.5,0.5714285714285714,4.0
RV,0.6666666666666666,1.0,0.8,4.0
accuracy,0.75,0.75,0.75,0.75
macro avg,0.7866666666666666,0.75,0.7504761904761905,20.0
weighted avg,0.7866666666666666,0.75,0.7504761904761905,20.0
