,precision,recall,f1-score,support
DCM,0.75,0.75,0.75,4.0
HCM,0.6666666666666666,0.5,0.5714285714285714,4.0
MINF,0.6666666666666666,1.0,0.8,4.0
NOR,1.0,0.75,0.8571428571428571,4.0
RV,1.0,1.0,1.0,4.0
accuracy,0.8,0.8,0.8,0.8
macro avg,0.8166666666666667,0.8,0.7957142857142857,20.0
weighted avg,0.8166666666666667,0.8,0.7957142857142857,20.0
